{
      "instanceName":"TEMPLATE - Agency",
      "initialSlide":0,
      "shadow":"off",
      "grabCursor":true,
      "stopOnLastSlide":false,
      "responsive":true,
      "ratio":2,
      "fullscreen":false,
      "width":1000,
      "height":550,
      "autoplay":{
         "enable":true,
         "delay":3000,
         "disableOnInteraction":true,
         "reverseDirection":false
      },
      "navigation":{
         "enable":true,
         "style":"effect5",
         "color":"#ffffff",
         "backgroundColor":"rgba(255,255,255,0)"
      },
      "keyboard":{
         "enable":true
      },
      "pagination":{
         "enable":true,
         "style":"effect6",
         "clickable":true,
         "dynamicBullets":false,
         "backgroundColor":"rgba(255,255,255,0.44)",
         "borderRadius":0,
         "boxShadow":"none",
         "opacity":1,
         "width":"8px",
         "height":"8px",
         "border":"none",
         "backgroundColorActive":"#ffffff",
         "borderRadiusActive":0,
         "boxShadowActive":"none",
         "opacityActive":1,
         "widthActive":"11px",
         "heightActive":"11px",
         "borderActive":"none",
         "backgroundColorHover":"#ffffff",
         "borderRadiusHover":0,
         "boxShadowHover":"none",
         "opacityHover":1,
         "widthHover":"11px",
         "heightHover":"11px",
         "borderHover":"none"
      },
      "hashNavigation":{
         "enable":false
      },
      "buttons":{
         "pauseVisible":true,
         "muteVisible":true,
         "startVideoMuted":true
      },
      "loading":{
         "fadeEffect":true,
         "backgroundColor":"#c1c1c1",
         "textColor":"#CCC",
         "color":"#262626",
         "style":"style2"
      },
      "slides":[
         {
            "src":"https://transitionslider.com/themeSliders/agency/agency1.jpg",
            "thumbSrc":"https://transitionslider.com/themeSliders/agency/thumbnails/agency1-thumb.jpg",
            "transitionEffect":"warp",
            "layerWidth":1000,
            "layerHeight":500,
            "transitionDuration":1200,
            "elements":[
               {
                  "type":"text",
                  "content":"REVELANCE STUDIOS",
                  "fontSize":"73px",
                  "fontFamily":"Karla",
                  "textColor":"#ffffff",
                  "position":{
                     "x":"center",
                     "y":"center",
                     "offsetX":0,
                     "offsetY":80
                  },
                  "startAnimation":{
                     "animation":"fadeInDown",
                     "speed":1000,
                     "delay":0
                  },
                  "endAnimation":{
                     "animation":"fadeOutUp",
                     "speed":500,
                     "delay":0
                  },
                  "mode":"content",
                  "contentAnimationType":"animating",
                  "color":"#ffffff",
                  "letterSpacing":3,
                  "fontWeight":700
               },
               {
                  "type":"text",
                  "content":"BEST FEATURES JUST FOR YOU",
                  "fontSize":25,
                  "textColor":"#ffffff",
                  "position":{
                     "x":"center",
                     "y":"center",
                     "offsetX":0,
                     "offsetY":0
                  },
                  "startAnimation":{
                     "animation":"fadeInLeftBig",
                     "speed":500,
                     "delay":300
                  },
                  "endAnimation":{
                     "animation":"fadeOutLeftBig",
                     "speed":500,
                     "delay":0
                  },
                  "mode":"content",
                  "contentAnimationType":"animating",
                  "marginTop":20,
                  "marginBottom":30,
                  "color":"#ffffff",
                  "letterSpacing":1,
                  "fontWeight":100,
                  "fontFamily":"Rajdhani"
               },
               {
                  "type":"button",
                  "content":"GET STARTED",
                  "position":{
                     "x":"center",
                     "y":"center",
                     "offsetX":0,
                     "offsetY":-70
                  },
                  "startAnimation":{
                     "speed":0,
                     "delay":0,
                     "animation":"zoomInUp"
                  },
                  "endAnimation":{
                     "speed":500,
                     "animation":"zoomOutDown"
                  },
                  "backgroundColor":"rgba(0,0,0,0)",
                  "customCSS":"-webkit-transition: all .3s ease-in-out;\n-moz-transition: all .3s ease-in-out;\n-ms-transition: all .3s ease-in-out;\n-o-transition: all .3s ease-in-out;\ntransition: all .3s ease-in-out;",
                  "padding":"10px 30px",
                  "fontSize":21,
                  "mode":"content",
                  "contentAnimationType":"animating",
                  "textColor":"#e5e5e5",
                  "color":"#e5e5e5",
                  "urlTargetBlank":true,
                  "url":"https://transitionslider.com/",
                  "hover":{
                     "textColor":"#bababa"
                  },
                  "textAlign":"center",
                  "fontFamily":"Rajdhani",
                  "paddingTop":15,
                  "paddingBottom":15,
                  "paddingRight":30,
                  "paddingLeft":30,
                  "fontWeight":500,
                  "borderWidth":"1",
                  "borderStyle":"solid",
                  "borderColor":"#ffffff",
                  "borderRadius":"4"
               }
            ],
            "direction":"left",
            "distance":2,
            "layerWidthTablet":1000,
            "layerWidthMobile":1000,
            "layerHeightTablet":1000,
            "layerHeightMobile":300,
            "urlTarget":"_self",
            "blur":0.5,
            "brightness":0.5
         },
         {
            "src":"https://transitionslider.com/themeSliders/agency/agency2.jpg",
            "thumbSrc":"https://transitionslider.com/themeSliders/agency/thumbnails/agency2-thumb.jpg",
            "transitionEffect":"zoom",
            "layerWidth":1000,
            "layerHeight":500,
            "elements":[
               {
                  "type":"text",
                  "content":"REVELANCE STUDIOS",
                  "fontSize":"73px",
                  "fontFamily":"Karla",
                  "textColor":"#ffffff",
                  "position":{
                     "x":"center",
                     "y":"center",
                     "offsetX":0,
                     "offsetY":80
                  },
                  "startAnimation":{
                     "animation":"fadeInDown",
                     "speed":1000,
                     "delay":0
                  },
                  "endAnimation":{
                     "animation":"fadeOutUp",
                     "speed":500,
                     "delay":0
                  },
                  "mode":"content",
                  "contentAnimationType":"animating",
                  "color":"#ffffff",
                  "letterSpacing":3,
                  "fontWeight":700
               },
               {
                  "type":"text",
                  "content":"CRAFTING QUALITY PRODUCTS",
                  "fontSize":25,
                  "textColor":"#ffffff",
                  "position":{
                     "x":"center",
                     "y":"center",
                     "offsetX":0,
                     "offsetY":0
                  },
                  "startAnimation":{
                     "animation":"fadeInRightBig",
                     "speed":500,
                     "delay":300
                  },
                  "endAnimation":{
                     "animation":"fadeOutLeftBig",
                     "speed":500,
                     "delay":0
                  },
                  "mode":"content",
                  "contentAnimationType":"animating",
                  "marginTop":20,
                  "marginBottom":30,
                  "color":"#ffffff",
                  "letterSpacing":1,
                  "fontWeight":100,
                  "fontFamily":"Rajdhani"
               },
               {
                  "type":"button",
                  "content":"GET STARTED",
                  "position":{
                     "x":"center",
                     "y":"center",
                     "offsetX":0,
                     "offsetY":-70
                  },
                  "startAnimation":{
                     "speed":0,
                     "delay":0,
                     "animation":"zoomInUp"
                  },
                  "endAnimation":{
                     "speed":500,
                     "animation":"zoomOutDown"
                  },
                  "backgroundColor":"rgba(0,0,0,0)",
                  "customCSS":"-webkit-transition: all .3s ease-in-out;\n-moz-transition: all .3s ease-in-out;\n-ms-transition: all .3s ease-in-out;\n-o-transition: all .3s ease-in-out;\ntransition: all .3s ease-in-out;",
                  "padding":"10px 30px",
                  "fontSize":21,
                  "mode":"content",
                  "contentAnimationType":"animating",
                  "textColor":"#ffffff",
                  "color":"#ffffff",
                  "url":"https://transitionslider.com/",
                  "hover":{
                     "textColor":"#bababa"
                  },
                  "urlTargetBlank":true,
                  "textAlign":"center",
                  "fontFamily":"Rajdhani",
                  "paddingTop":15,
                  "paddingBottom":15,
                  "paddingRight":30,
                  "paddingLeft":30,
                  "fontWeight":500,
                  "borderWidth":"1",
                  "borderStyle":"solid",
                  "borderColor":"#ffffff",
                  "borderRadius":"4"
               }
            ],
            "direction":"in",
            "distance":7,
            "easing":"elastic",
            "urlTarget":"_self",
            "brightness":3,
            "transitionDuration":700
         },
         {
            "src":"https://transitionslider.com/themeSliders/agency/agency3.jpg",
            "thumbSrc":"https://transitionslider.com/themeSliders/agency/thumbnails/agency3-thumb.jpg",
            "transitionEffect":"twirl",
            "layerWidth":1000,
            "layerHeight":500,
            "direction":"left",
            "distance":1,
            "transitionDuration":1200,
            "elements":[
               {
                  "type":"text",
                  "content":"REVELANCE STUDIOS",
                  "fontSize":"73px",
                  "fontFamily":"Karla",
                  "textColor":"#ffffff",
                  "position":{
                     "x":"center",
                     "y":"center",
                     "offsetX":0,
                     "offsetY":80
                  },
                  "startAnimation":{
                     "animation":"fadeInDown",
                     "speed":1000,
                     "delay":0
                  },
                  "endAnimation":{
                     "animation":"fadeOutUp",
                     "speed":500,
                     "delay":0
                  },
                  "mode":"content",
                  "contentAnimationType":"animating",
                  "color":"#ffffff",
                  "letterSpacing":3,
                  "fontWeight":700
               },
               {
                  "type":"text",
                  "content":"BEST FEATURES JUST FOR YOU",
                  "fontSize":25,
                  "textColor":"#ffffff",
                  "position":{
                     "x":"center",
                     "y":"center",
                     "offsetX":0,
                     "offsetY":0
                  },
                  "startAnimation":{
                     "animation":"fadeInLeftBig",
                     "speed":500,
                     "delay":300
                  },
                  "endAnimation":{
                     "animation":"fadeOutRightBig",
                     "speed":500,
                     "delay":0
                  },
                  "mode":"content",
                  "contentAnimationType":"animating",
                  "marginTop":20,
                  "marginBottom":30,
                  "color":"#ffffff",
                  "letterSpacing":1,
                  "fontWeight":100,
                  "fontFamily":"Rajdhani"
               },
               {
                  "type":"button",
                  "content":"GET STARTED",
                  "position":{
                     "x":"center",
                     "y":"center",
                     "offsetX":0,
                     "offsetY":-70
                  },
                  "startAnimation":{
                     "speed":0,
                     "delay":0,
                     "animation":"zoomInUp"
                  },
                  "endAnimation":{
                     "speed":500,
                     "animation":"zoomOutDown"
                  },
                  "backgroundColor":"rgba(0,0,0,0)",
                  "customCSS":"-webkit-transition: all .3s ease-in-out;\n-moz-transition: all .3s ease-in-out;\n-ms-transition: all .3s ease-in-out;\n-o-transition: all .3s ease-in-out;\ntransition: all .3s ease-in-out;",
                  "padding":"10px 30px",
                  "fontSize":21,
                  "mode":"content",
                  "contentAnimationType":"animating",
                  "textColor":"#ffffff",
                  "color":"#ffffff",
                  "url":"https://transitionslider.com/",
                  "hover":{
                     "textColor":"#bababa"
                  },
                  "urlTargetBlank":true,
                  "textAlign":"center",
                  "fontFamily":"Rajdhani",
                  "paddingTop":15,
                  "paddingBottom":15,
                  "paddingRight":30,
                  "paddingLeft":30,
                  "fontWeight":500,
                  "borderWidth":"1",
                  "borderStyle":"solid",
                  "borderColor":"#ffffff",
                  "borderRadius":"4"
               }
            ],
            "urlTarget":"_self",
            "brightness":0.5
         },
         {
            "src":"https://transitionslider.com/themeSliders/agency/agency1.jpg",
            "thumbSrc":"https://transitionslider.com/themeSliders/agency/thumbnails/agency1-thumb.jpg",
            "transitionEffect":"slide",
            "layerWidth":1000,
            "layerHeight":500,
            "transitionDuration":800,
            "elements":[
               {
                  "type":"text",
                  "content":"REVELANCE STUDIOS",
                  "fontSize":"73px",
                  "fontFamily":"Karla",
                  "textColor":"#ffffff",
                  "position":{
                     "x":"center",
                     "y":"center",
                     "offsetX":0,
                     "offsetY":80
                  },
                  "startAnimation":{
                     "animation":"fadeInDown",
                     "speed":1000,
                     "delay":0
                  },
                  "endAnimation":{
                     "animation":"fadeOutUp",
                     "speed":500,
                     "delay":0
                  },
                  "mode":"content",
                  "contentAnimationType":"animating",
                  "color":"#ffffff",
                  "letterSpacing":3,
                  "fontWeight":700
               },
               {
                  "type":"text",
                  "content":"BEST FEATURES JUST FOR YOU",
                  "fontSize":25,
                  "textColor":"#ffffff",
                  "position":{
                     "x":"center",
                     "y":"center",
                     "offsetX":0,
                     "offsetY":0
                  },
                  "startAnimation":{
                     "animation":"fadeInLeftBig",
                     "speed":500,
                     "delay":300
                  },
                  "endAnimation":{
                     "animation":"fadeOutLeftBig",
                     "speed":500,
                     "delay":0
                  },
                  "mode":"content",
                  "contentAnimationType":"animating",
                  "marginTop":20,
                  "marginBottom":30,
                  "color":"#ffffff",
                  "letterSpacing":1,
                  "fontWeight":100,
                  "fontFamily":"Rajdhani"
               },
               {
                  "type":"button",
                  "content":"GET STARTED",
                  "position":{
                     "x":"center",
                     "y":"center",
                     "offsetX":0,
                     "offsetY":-70
                  },
                  "startAnimation":{
                     "speed":0,
                     "delay":0,
                     "animation":"zoomInUp"
                  },
                  "endAnimation":{
                     "speed":500,
                     "animation":"zoomOutDown"
                  },
                  "backgroundColor":"rgba(0,0,0,0)",
                  "customCSS":"-webkit-transition: all .3s ease-in-out;\n-moz-transition: all .3s ease-in-out;\n-ms-transition: all .3s ease-in-out;\n-o-transition: all .3s ease-in-out;\ntransition: all .3s ease-in-out;",
                  "padding":"10px 30px",
                  "fontSize":21,
                  "mode":"content",
                  "contentAnimationType":"animating",
                  "textColor":"#ffffff",
                  "color":"#ffffff",
                  "url":"https://transitionslider.com/",
                  "hover":{
                     "textColor":"#bababa"
                  },
                  "urlTargetBlank":true,
                  "textAlign":"center",
                  "fontFamily":"Rajdhani",
                  "paddingRight":30,
                  "paddingLeft":30,
                  "paddingBottom":15,
                  "paddingTop":15,
                  "fontWeight":500,
                  "borderWidth":"1",
                  "borderRadius":"4",
                  "borderStyle":"solid",
                  "borderColor":"#ffffff"
               }
            ],
            "urlTarget":"_self",
            "direction":"left",
            "brightness":2,
            "blur":1
         },
         {
            "src":"https://transitionslider.com/themeSliders/agency/agency2.jpg",
            "thumbSrc":"https://transitionslider.com/themeSliders/agency/thumbnails/agency2-thumb.jpg",
            "transitionEffect":"zoom",
            "layerWidth":1000,
            "layerHeight":500,
            "elements":[
               {
                  "type":"text",
                  "content":"REVELANCE STUDIOS",
                  "fontSize":"73px",
                  "fontFamily":"Karla",
                  "textColor":"#ffffff",
                  "position":{
                     "x":"center",
                     "y":"center",
                     "offsetX":0,
                     "offsetY":80
                  },
                  "startAnimation":{
                     "animation":"fadeInDown",
                     "speed":1000,
                     "delay":0
                  },
                  "endAnimation":{
                     "animation":"fadeOutUp",
                     "speed":500,
                     "delay":0
                  },
                  "mode":"content",
                  "contentAnimationType":"animating",
                  "color":"#ffffff",
                  "letterSpacing":3,
                  "fontWeight":700
               },
               {
                  "type":"text",
                  "content":"CRAFTING QUALITY PRODUCTS",
                  "fontSize":25,
                  "textColor":"#ffffff",
                  "position":{
                     "x":"center",
                     "y":"center",
                     "offsetX":0,
                     "offsetY":0
                  },
                  "startAnimation":{
                     "animation":"fadeInRightBig",
                     "speed":500,
                     "delay":300
                  },
                  "endAnimation":{
                     "animation":"fadeOutLeftBig",
                     "speed":500,
                     "delay":0
                  },
                  "mode":"content",
                  "contentAnimationType":"animating",
                  "marginTop":20,
                  "marginBottom":30,
                  "color":"#ffffff",
                  "letterSpacing":1,
                  "fontWeight":100,
                  "fontFamily":"Rajdhani"
               },
               {
                  "type":"button",
                  "content":"GET STARTED",
                  "position":{
                     "x":"center",
                     "y":"center",
                     "offsetX":0,
                     "offsetY":-70
                  },
                  "startAnimation":{
                     "speed":0,
                     "delay":0,
                     "animation":"zoomInUp"
                  },
                  "endAnimation":{
                     "speed":500,
                     "animation":"zoomOutDown"
                  },
                  "backgroundColor":"rgba(0,0,0,0)",
                  "customCSS":"-webkit-transition: all .3s ease-in-out;\n-moz-transition: all .3s ease-in-out;\n-ms-transition: all .3s ease-in-out;\n-o-transition: all .3s ease-in-out;\ntransition: all .3s ease-in-out;",
                  "padding":"10px 30px",
                  "fontSize":21,
                  "mode":"content",
                  "contentAnimationType":"animating",
                  "textColor":"#ffffff",
                  "color":"#ffffff",
                  "url":"https://transitionslider.com/",
                  "hover":{
                     "textColor":"#bababa"
                  },
                  "urlTargetBlank":true,
                  "textAlign":"center",
                  "fontFamily":"Rajdhani",
                  "paddingTop":15,
                  "paddingBottom":15,
                  "paddingRight":30,
                  "paddingLeft":30,
                  "fontWeight":500,
                  "borderWidth":"1",
                  "borderStyle":"solid",
                  "borderColor":"#ffffff",
                  "borderRadius":"4"
               }
            ],
            "urlTarget":"_self",
            "direction":"in",
            "transitionDuration":1000,
            "brightness":2,
            "distance":5,
            "blur":0.3
         },
         {
            "src":"https://transitionslider.com/themeSliders/agency/agency3.jpg",
            "thumbSrc":"https://transitionslider.com/themeSliders/agency/thumbnails/agency3-thumb.jpg",
            "transitionEffect":"roll",
            "layerWidth":1000,
            "layerHeight":500,
            "transitionDuration":800,
            "elements":[
               {
                  "type":"text",
                  "content":"REVELANCE STUDIOS",
                  "fontSize":"73px",
                  "fontFamily":"Karla",
                  "textColor":"#ffffff",
                  "position":{
                     "x":"center",
                     "y":"center",
                     "offsetX":0,
                     "offsetY":80
                  },
                  "startAnimation":{
                     "animation":"fadeInDown",
                     "speed":1000,
                     "delay":0
                  },
                  "endAnimation":{
                     "animation":"fadeOutUp",
                     "speed":500,
                     "delay":0
                  },
                  "mode":"content",
                  "contentAnimationType":"animating",
                  "color":"#ffffff",
                  "letterSpacing":3,
                  "fontWeight":700
               },
               {
                  "type":"text",
                  "content":"BEST FEATURES JUST FOR YOU",
                  "fontSize":25,
                  "textColor":"#ffffff",
                  "position":{
                     "x":"center",
                     "y":"center",
                     "offsetX":0,
                     "offsetY":0
                  },
                  "startAnimation":{
                     "animation":"fadeInLeftBig",
                     "speed":500,
                     "delay":300
                  },
                  "endAnimation":{
                     "animation":"fadeOutRightBig",
                     "speed":500,
                     "delay":0
                  },
                  "mode":"content",
                  "contentAnimationType":"animating",
                  "marginTop":20,
                  "marginBottom":30,
                  "color":"#ffffff",
                  "letterSpacing":1,
                  "fontWeight":100,
                  "fontFamily":"Rajdhani"
               },
               {
                  "type":"button",
                  "content":"GET STARTED",
                  "position":{
                     "x":"center",
                     "y":"center",
                     "offsetX":0,
                     "offsetY":-70
                  },
                  "startAnimation":{
                     "speed":0,
                     "delay":0,
                     "animation":"zoomInUp"
                  },
                  "endAnimation":{
                     "speed":500,
                     "animation":"zoomOutDown"
                  },
                  "backgroundColor":"rgba(0,0,0,0)",
                  "customCSS":"-webkit-transition: all .3s ease-in-out;\n-moz-transition: all .3s ease-in-out;\n-ms-transition: all .3s ease-in-out;\n-o-transition: all .3s ease-in-out;\ntransition: all .3s ease-in-out;",
                  "padding":"10px 30px",
                  "fontSize":21,
                  "mode":"content",
                  "contentAnimationType":"animating",
                  "textColor":"#ffffff",
                  "color":"#ffffff",
                  "url":"https://transitionslider.com/",
                  "hover":{
                     "textColor":"#bababa"
                  },
                  "urlTargetBlank":true,
                  "textAlign":"center",
                  "fontFamily":"Rajdhani",
                  "paddingRight":30,
                  "paddingLeft":30,
                  "paddingTop":15,
                  "paddingBottom":15,
                  "fontWeight":500,
                  "borderWidth":"1",
                  "borderRadius":"4",
                  "borderStyle":"solid",
                  "borderColor":"#ffffff"
               }
            ],
            "urlTarget":"_self",
            "direction":"left",
            "distance":3,
            "brightness":3,
            "blur":1
         }
      ],
      "action":"transitionslider_save",
      "id":12,
      "security":"ec29a27b76",
      "status":"published",
      "date":"2020-03-26 10:43:31",
      "ratioTablet":1.5,
      "ratioMobile":1,
      "layerWidth":"80%",
      "layerWidthMin":"600px",
      "layerHeight":"100%",
      "tabletSize":1024,
      "mobileSize":768,
      "wheelNavigation":{
         "enable":false,
         "stopOnLast":false
      },
      "lightbox":{
         "backgroundColor":"rgba(0, 0, 0, 0.95)",
         "closeColor":"#ffffff"
      }
}