{
      "instanceName":"TEMPLATE - Business",
      "initialSlide":0,
      "grabCursor":1,
      "stopOnLastSlide":0,
      "responsive":1,
      "ratio":2,
      "ratio1800":2,
      "ratio1200":1.8,
      "ratio900":1.4,
      "ratio600":1,
      "fullscreen":true,
      "width":1000,
      "height":550,
      "autoplay":{
         "enable":true,
         "delay":8000,
         "disableOnInteraction":1,
         "reverseDirection":0
      },
      "navigation":{
         "enable":true,
         "style":"effect1"
      },
      "keyboard":{
         "enable":1
      },
      "pagination":{
         "enable":1,
         "style":"effect6",
         "clickable":1,
         "dynamicBullets":0,
         "type":"bullets"
      },
      "hashNavigation":{
         "enable":false
      },
      "buttons":{
         "pauseVisible":1,
         "muteVisible":1,
         "startVideoMuted":true
      },
      "loading":{
         "fadeEffect":true,
         "backgroundColor":"#ffffff",
         "textColor":"#CCC",
         "color":"#c4c4c4",
         "style":"style2"
      },
      "slides":[
         {
            "src":"https://transitionslider.com/themeSliders/business/business-slide-1.jpg",
            "thumbSrc":"https://transitionslider.com/themeSliders/business/thumbnails/business-slide-1-thumb.jpg",
            "layerWidth":960,
            "layerHeight":800,
            "elements":[
               {
                  "type":"text",
                  "content":"A World Class Team",
                  "fontSize":90,
                  "textColor":"#ffffff",
                  "position":{
                     "x":"center",
                     "y":"center",
                     "offsetX":0,
                     "offsetY":0
                  },
                  "startAnimation":{
                     "animation":"fadeInDown",
                     "speed":750,
                     "delay":0
                  },
                  "endAnimation":{
                     "animation":"fadeOutUp",
                     "speed":1000,
                     "delay":1000
                  },
                  "customCSS":"text-shadow: 0 2px 4px rgba(0,0,0,0.50);",
                  "mode":"content",
                  "contentAnimationType":"animating",
                  "fontWeight":700,
                  "fontFamily":"Inter",
                  "color":"#ffffff",
                  "tablet":{
                     "fontSize":60,
                     "contentAnimationType":"animating",
                     "startAnimation":{
                        "animation":"fadeInDown",
                        "speed":750
                     }
                  },
                  "mobile":{
                     "fontSize":48,
                     "lineHeight":68
                  },
                  "display":"block",
                  "lineHeight":110
               },
               {
                  "type":"text",
                  "content":"built for you through the way",
                  "fontSize":36,
                  "textColor":"#ffffff",
                  "position":{
                     "x":"center",
                     "y":"center",
                     "offsetX":0,
                     "offsetY":0
                  },
                  "startAnimation":{
                     "animation":"fadeInDown",
                     "speed":750,
                     "delay":750
                  },
                  "endAnimation":{
                     "animation":"bounceIn",
                     "speed":1400,
                     "delay":1000
                  },
                  "mode":"content",
                  "contentAnimationType":"animating",
                  "fontWeight":400,
                  "fontFamily":"Inter",
                  "color":"#ffffff",
                  "htmlTag":"div",
                  "customCSS":"text-shadow: 0 2px 4px rgba(0,0,0,0.50);",
                  "tablet":{
                     "fontSize":28,
                     "contentAnimationType":"animating",
                     "startAnimation":{
                        "animation":"fadeInDown",
                        "speed":750,
                        "delay":750
                     }
                  },
                  "mobile":{
                     "fontSize":24,
                     "lineHeight":32
                  },
                  "marginTop":20,
                  "marginBottom":10,
                  "display":"block",
                  "lineHeight":44
               },
               {
                  "type":"button",
                  "mode":"content",
                  "content":"Join Us <span style=\"margin-left:20px\">-></span>",
                  "contentAnimationType":"animating",
                  "fontSize":22,
                  "fontWeight":500,
                  "textColor":"#ffffff",
                  "backgroundColor":"#be5941",
                  "borderRadius":4,
                  "position":{
                     "x":"center",
                     "y":"center",
                     "offsetX":0,
                     "offsetY":0
                  },
                  "typingAnimation":{
                     "speed":50,
                     "loop":false,
                     "loopDelay":750,
                     "cursor":true,
                     "startDelay":0,
                     "freezeAt":0,
                     "unfreezeAfter":0
                  },
                  "startAnimation":{
                     "animation":"fadeInUp",
                     "speed":1250,
                     "delay":1500
                  },
                  "endAnimation":{
                     "animation":"fadeOutUp",
                     "speed":500,
                     "delay":0
                  },
                  "color":"#ffffff",
                  "marginTop":50,
                  "fontFamily":"Inter",
                  "lineHeight":33,
                  "paddingTop":24,
                  "paddingBottom":24,
                  "tablet":{
                     "contentAnimationType":"animating",
                     "startAnimation":{
                        "animation":"fadeInUp",
                        "speed":1250,
                        "delay":1500
                     }
                  },
                  "hover":{
                     "backgroundColor":"#ffffff",
                     "textColor":"#be5941"
                  },
                  "customCSS":"-webkit-transition: all .3s ease-in-out;\n-moz-transition: all .3s ease-in-out;\n-ms-transition: all .3s ease-in-out;\n-o-transition: all .3s ease-in-out;\ntransition: all .3s ease-in-out;",
                  "url":"https://transitionslider.com/",
                  "urlTargetBlank":true,
                  "display":"inline-block",
                  "mobile":{
                     "lineHeight":31,
                     "fontSize":19
                  }
               }
            ],
            "transitionDuration":1500,
            "urlTarget":"_self",
            "transitionEffect":"roll",
            "direction":"left",
            "blur":0.3,
            "brightness":0.5
         },
         {
            "src":"https://transitionslider.com/themeSliders/business/business-slide-2.jpg",
            "thumbSrc":"https://transitionslider.com/themeSliders/business/thumbnails/business-slide-2-thumb.jpg",
            "layerWidth":960,
            "layerHeight":800,
            "elements":[
               {
                  "type":"text",
                  "content":"Management Skills",
                  "fontSize":90,
                  "textColor":"#ffffff",
                  "position":{
                     "x":"center",
                     "y":"center",
                     "offsetX":0,
                     "offsetY":0
                  },
                  "startAnimation":{
                     "animation":"fadeInDown",
                     "speed":750,
                     "delay":0
                  },
                  "endAnimation":{
                     "animation":"fadeOutUp",
                     "speed":300,
                     "delay":0
                  },
                  "customCSS":"text-shadow: 0 2px 4px rgba(0,0,0,0.50);",
                  "mode":"content",
                  "contentAnimationType":"animating",
                  "fontWeight":700,
                  "fontFamily":"Inter",
                  "color":"#ffffff",
                  "mobile":{
                     "fontSize":48,
                     "lineHeight":68
                  },
                  "tablet":{
                     "fontSize":60,
                     "contentAnimationType":"animating",
                     "startAnimation":{
                        "animation":"fadeInDown",
                        "speed":750
                     }
                  },
                  "display":"block",
                  "lineHeight":110
               },
               {
                  "type":"text",
                  "content":"built for you through the way",
                  "fontSize":36,
                  "textColor":"#ffffff",
                  "position":{
                     "x":"center",
                     "y":"center",
                     "offsetX":0,
                     "offsetY":0
                  },
                  "startAnimation":{
                     "animation":"fadeInDown",
                     "speed":750,
                     "delay":750
                  },
                  "endAnimation":{
                     "animation":"fadeOutDown",
                     "speed":300,
                     "delay":0
                  },
                  "mode":"content",
                  "contentAnimationType":"animating",
                  "fontWeight":400,
                  "fontFamily":"Inter",
                  "color":"#ffffff",
                  "htmlTag":"div",
                  "customCSS":"text-shadow: 0 2px 4px rgba(0,0,0,0.50);",
                  "mobile":{
                     "fontSize":24,
                     "lineHeight":32
                  },
                  "tablet":{
                     "fontSize":28,
                     "contentAnimationType":"animating",
                     "startAnimation":{
                        "animation":"fadeOutDown",
                        "speed":750,
                        "delay":750
                     }
                  },
                  "marginTop":20,
                  "marginBottom":10,
                  "display":"block",
                  "lineHeight":44
               },
               {
                  "type":"button",
                  "mode":"content",
                  "content":"Improve <span style=\"margin-left:20px\">-></span>",
                  "contentAnimationType":"animating",
                  "fontSize":22,
                  "fontWeight":500,
                  "textColor":"#ffffff",
                  "backgroundColor":"#be5941",
                  "borderRadius":4,
                  "position":{
                     "x":"center",
                     "y":"center",
                     "offsetX":0,
                     "offsetY":0
                  },
                  "typingAnimation":{
                     "speed":50,
                     "loop":false,
                     "loopDelay":750,
                     "cursor":true,
                     "startDelay":0,
                     "freezeAt":0,
                     "unfreezeAfter":0
                  },
                  "startAnimation":{
                     "animation":"fadeInUp",
                     "speed":500,
                     "delay":1500
                  },
                  "endAnimation":{
                     "animation":"fadeOutUp",
                     "speed":500,
                     "delay":0
                  },
                  "color":"#ffffff",
                  "marginTop":50,
                  "fontFamily":"Inter",
                  "lineHeight":33,
                  "paddingTop":24,
                  "paddingBottom":24,
                  "tablet":{
                     "contentAnimationType":"animating",
                     "startAnimation":{
                        "animation":"fadeOutUp",
                        "speed":1250,
                        "delay":1500
                     }
                  },
                  "hover":{
                     "backgroundColor":"#ffffff",
                     "textColor":"#be5941"
                  },
                  "customCSS":"-webkit-transition: all .3s ease-in-out;\n-moz-transition: all .3s ease-in-out;\n-ms-transition: all .3s ease-in-out;\n-o-transition: all .3s ease-in-out;\ntransition: all .3s ease-in-out;",
                  "url":"https://transitionslider.com/",
                  "urlTargetBlank":true,
                  "display":"inline-block",
                  "mobile":{
                     "fontSize":19,
                     "lineHeight":31
                  }
               }
            ],
            "transitionDuration":1500,
            "urlTarget":"_self",
            "transitionEffect":"roll",
            "direction":"bottom",
            "blur":0.3,
            "brightness":0.5
         },
         {
            "src":"https://transitionslider.com/themeSliders/business/business-slide-3.jpg",
            "thumbSrc":"https://transitionslider.com/themeSliders/business/thumbnails/business-slide-3-thumb.jpg",
            "layerWidth":960,
            "layerHeight":800,
            "elements":[
               {
                  "type":"text",
                  "content":"20th. Revolution",
                  "fontSize":90,
                  "textColor":"#ffffff",
                  "position":{
                     "x":"center",
                     "y":"center",
                     "offsetX":0,
                     "offsetY":0
                  },
                  "startAnimation":{
                     "animation":"fadeInDown",
                     "speed":750,
                     "delay":0
                  },
                  "endAnimation":{
                     "animation":"fadeOutUp",
                     "speed":300,
                     "delay":0
                  },
                  "customCSS":"text-shadow: 0 2px 4px rgba(0,0,0,0.50);",
                  "mode":"content",
                  "contentAnimationType":"animating",
                  "fontWeight":700,
                  "fontFamily":"Inter",
                  "color":"#ffffff",
                  "tablet":{
                     "fontSize":60,
                     "contentAnimationType":"animating",
                     "startAnimation":{
                        "speed":750,
                        "animation":"fadeInDown"
                     }
                  },
                  "mobile":{
                     "fontSize":48,
                     "lineHeight":68
                  },
                  "display":"block",
                  "lineHeight":110
               },
               {
                  "type":"text",
                  "content":"built for you through the way",
                  "fontSize":36,
                  "textColor":"#ffffff",
                  "position":{
                     "x":"center",
                     "y":"center",
                     "offsetX":0,
                     "offsetY":0
                  },
                  "startAnimation":{
                     "animation":"fadeInDown",
                     "speed":750,
                     "delay":750
                  },
                  "endAnimation":{
                     "animation":"fadeOutDown",
                     "speed":300,
                     "delay":0
                  },
                  "mode":"content",
                  "contentAnimationType":"animating",
                  "fontWeight":400,
                  "fontFamily":"Inter",
                  "color":"#ffffff",
                  "htmlTag":"div",
                  "customCSS":"text-shadow: 0 2px 4px rgba(0,0,0,0.50);",
                  "mobile":{
                     "fontSize":24,
                     "lineHeight":32
                  },
                  "tablet":{
                     "fontSize":28,
                     "contentAnimationType":"animating",
                     "startAnimation":{
                        "animation":"fadeInDown",
                        "speed":750,
                        "delay":750
                     }
                  },
                  "marginTop":20,
                  "marginBottom":10,
                  "display":"block",
                  "lineHeight":44
               },
               {
                  "type":"button",
                  "mode":"content",
                  "content":"Start Here <span style=\"margin-left:20px\">-></span>",
                  "contentAnimationType":"animating",
                  "fontSize":22,
                  "fontWeight":500,
                  "textColor":"#ffffff",
                  "backgroundColor":"#be5941",
                  "borderRadius":4,
                  "position":{
                     "x":"center",
                     "y":"center",
                     "offsetX":0,
                     "offsetY":0
                  },
                  "typingAnimation":{
                     "speed":50,
                     "loop":false,
                     "loopDelay":750,
                     "cursor":true,
                     "startDelay":0,
                     "freezeAt":0,
                     "unfreezeAfter":0
                  },
                  "startAnimation":{
                     "animation":"fadeInUp",
                     "speed":1250,
                     "delay":1500
                  },
                  "endAnimation":{
                     "animation":"fadeOutUp",
                     "speed":500,
                     "delay":0
                  },
                  "color":"#ffffff",
                  "marginTop":50,
                  "fontFamily":"Inter",
                  "lineHeight":33,
                  "paddingTop":24,
                  "paddingBottom":24,
                  "tablet":{
                     "contentAnimationType":"animating",
                     "startAnimation":{
                        "animation":"fadeInUp",
                        "speed":1250,
                        "delay":1500
                     }
                  },
                  "hover":{
                     "backgroundColor":"#ffffff",
                     "textColor":"#be5941"
                  },
                  "customCSS":"-webkit-transition: all .3s ease-in-out;\n-moz-transition: all .3s ease-in-out;\n-ms-transition: all .3s ease-in-out;\n-o-transition: all .3s ease-in-out;\ntransition: all .3s ease-in-out;",
                  "urlTargetBlank":true,
                  "url":"https://transitionslider.com/",
                  "display":"inline-block",
                  "mobile":{
                     "fontSize":19,
                     "lineHeight":31
                  }
               }
            ],
            "transitionDuration":1500,
            "urlTarget":"_self",
            "transitionEffect":"roll",
            "direction":"topRight",
            "blur":0.3,
            "brightness":0.5
         }
      ],
      "action":"transitionslider_save",
      "id":63,
      "security":"ec29a27b76",
      "status":"published",
      "date":"2020-09-22 11:15:57",
      "layerWidth":"80%",
      "layerHeight":"100%",
      "tabletSize":1024,
      "mobileSize":768,
      "wheelNavigation":{
         "enable":false,
         "stopOnLast":false
      },
      "lightbox":{
         "backgroundColor":"rgba(0, 0, 0, 0.95)",
         "closeColor":"#ffffff"
      },
      "shadow":"off",
      "layerWidthMobile":"80%",
      "layerHeightMobile":"100%",
      "layerWidthTablet":"80%",
      "layerHeightTablet":"100%",
      "layerWidthMin":"560px",
      "layerWidthMax":"1440px",
      "layerHeightMin":"750px",
      "layerHeightMax":"750px",
      "layerWidthMinMobile":"395px",
      "layerHeightMinMobile":"730px",
      "layerWidthMinTablet":"750px",
      "layerHeightMinTablet":"750px"
}