{
      "instanceName":"TEMPLATE - Car Sales",
      "initialSlide":0,
      "shadow":"off",
      "grabCursor":1,
      "stopOnLastSlide":0,
      "responsive":1,
      "ratio":2,
      "ratio1800":1.8,
      "ratio1200":1.5,
      "ratio900":1.2,
      "ratio600":1.2,
      "fullscreen":0,
      "width":1000,
      "height":550,
      "autoplay":{
         "enable":true,
         "delay":3000,
         "disableOnInteraction":true,
         "reverseDirection":false
      },
      "navigation":{
         "enable":1,
         "style":"effect1"
      },
      "keyboard":{
         "enable":1
      },
      "pagination":{
         "enable":1,
         "style":"effect6",
         "clickable":1,
         "dynamicBullets":true,
         "type":"bullets"
      },
      "hashNavigation":{
         "enable":false
      },
      "buttons":{
         "pauseVisible":1,
         "muteVisible":1,
         "startVideoMuted":true
      },
      "loading":{
         "fadeEffect":1,
         "backgroundColor":"#ffffff",
         "textColor":"#000000",
         "color":"#000000",
         "style":"style4"
      },
      "slides":[
         {
            "src":"https://transitionslider.com/themeSliders/carSales/carSales1.jpg",
            "thumbSrc":"https://transitionslider.com/themeSliders/carSales/thumbnails/carSales1-thumb.jpg",
            "transitionEffect":"crossfade",
            "layerWidth":1500,
            "layerHeight":950,
            "elements":[
               {
                  "type":"text",
                  "content":"Discover your Passion.",
                  "fontSize":72,
                  "textColor":"#ffffff",
                  "position":{
                     "x":"left",
                     "y":"top",
                     "offsetX":0,
                     "offsetY":0
                  },
                  "startAnimation":{
                     "animation":"fadeInLeft",
                     "speed":1000,
                     "delay":0
                  },
                  "endAnimation":{
                     "animation":"fadeOutLeft",
                     "speed":500,
                     "delay":0
                  },
                  "mode":"content",
                  "contentAnimationType":"animating",
                  "display":"block",
                  "marginTop":100,
                  "fontFamily":"Raleway",
                  "lineHeight":78,
                  "fontWeight":"bold",
                  "textAlign":"left",
                  "paddingLeft":0,
                  "color":"#ffffff",
                  "marginLeft":0
               },
               {
                  "type":"text",
                  "content":"Luxury and style.",
                  "fontSize":20,
                  "textColor":"#ffffff",
                  "position":{
                     "x":"left",
                     "y":"top",
                     "offsetX":0,
                     "offsetY":0
                  },
                  "startAnimation":{
                     "animation":"fadeInLeft",
                     "speed":1000,
                     "delay":500
                  },
                  "endAnimation":{
                     "animation":"fadeOutLeft",
                     "speed":500,
                     "delay":0
                  },
                  "mode":"content",
                  "contentAnimationType":"animating",
                  "display":"block",
                  "marginTop":15,
                  "marginBottom":20,
                  "textAlign":"left",
                  "paddingLeft":0,
                  "fontFamily":"Raleway",
                  "fontWeight":400,
                  "lineHeight":35,
                  "color":"#ffffff",
                  "marginLeft":0
               },
               {
                  "type":"button",
                  "mode":"content",
                  "content":"Explore models",
                  "contentAnimationType":"animating",
                  "fontSize":15,
                  "fontFamily":"Poppins",
                  "fontWeight":"normal",
                  "textColor":"#ffffff",
                  "backgroundColor":"#2196f3",
                  "borderRadius":3,
                  "position":{
                     "x":"left",
                     "y":"top",
                     "offsetX":0,
                     "offsetY":0
                  },
                  "typingAnimation":{
                     "speed":50,
                     "loop":false,
                     "loopDelay":750,
                     "cursor":true,
                     "startDelay":0,
                     "freezeAt":0,
                     "unfreezeAfter":0
                  },
                  "startAnimation":{
                     "animation":"fadeInLeft",
                     "speed":1000,
                     "delay":1000
                  },
                  "endAnimation":{
                     "animation":"fadeOutLeft",
                     "speed":500,
                     "delay":0
                  },
                  "display":"block",
                  "url":"https://transitionslider.com/",
                  "lineHeight":15,
                  "textAlign":"center",
                  "paddingTop":20,
                  "paddingRight":45,
                  "paddingLeft":45,
                  "paddingBottom":20,
                  "borderWidth":2,
                  "borderStyle":"solid",
                  "borderColor":"#2196f3",
                  "customCSS":"-webkit-transition: all 0.3s ease 0s;\n-moz-transition: all 0.3s ease 0s;\n-ms-transition: all 0.3s ease 0s;\n-o-transition: all 0.3s ease 0s;\ntransition: all 0.3s ease 0s;",
                  "hover":{
                     "backgroundColor":"rgba(0,0,0,0)",
                     "borderColor":"#ffffff",
                     "textColor":"#ffffff"
                  },
                  "marginLeft":0,
                  "color":"#ffffff",
                  "urlTargetBlank":true
               },
               {
                  "type":"text",
                  "mode":"canvas",
                  "contentAnimationType":"animating",
                  "fontWeight":"unset",
                  "textColor":"#ffffff",
                  "backgroundColor":"rgba(0,0,0,0.55)",
                  "borderRadius":0,
                  "position":{
                     "x":"center",
                     "y":"center",
                     "offsetX":1,
                     "offsetY":-1
                  },
                  "typingAnimation":{
                     "speed":50,
                     "loop":false,
                     "loopDelay":750,
                     "cursor":true,
                     "startDelay":0,
                     "freezeAt":0,
                     "unfreezeAfter":0
                  },
                  "startAnimation":{
                     "animation":"fadeIn",
                     "speed":1000,
                     "delay":0
                  },
                  "endAnimation":{
                     "animation":"fadeOut",
                     "speed":500,
                     "delay":0
                  },
                  "width":3840,
                  "height":2160,
                  "display":"block",
                  "color":"#ffffff"
               }
            ],
            "layerWidthMobile":750,
            "layerHeightMobile":600,
            "urlTarget":"_self",
            "transitionDuration":2500,
            "direction":"in"
         },
         {
            "src":"https://transitionslider.com/themeSliders/carSales/carSales2.jpg",
            "thumbSrc":"https://transitionslider.com/themeSliders/carSales/thumbnails/carSales2-thumb.jpg",
            "transitionEffect":"roll",
            "elements":[
               {
                  "type":"text",
                  "content":"Luxury Interiors.",
                  "fontSize":72,
                  "textColor":"#ffffff",
                  "position":{
                     "x":"left",
                     "y":"top",
                     "offsetX":0,
                     "offsetY":0
                  },
                  "startAnimation":{
                     "animation":"fadeInLeft",
                     "speed":1000,
                     "delay":0
                  },
                  "endAnimation":{
                     "animation":"fadeOutLeft",
                     "speed":500,
                     "delay":0
                  },
                  "mode":"content",
                  "contentAnimationType":"animating",
                  "display":"block",
                  "marginTop":100,
                  "lineHeight":78,
                  "fontWeight":"bold",
                  "fontFamily":"Raleway",
                  "paddingLeft":0,
                  "color":"#ffffff",
                  "marginLeft":0
               },
               {
                  "type":"text",
                  "content":"Family, business, pleasure.",
                  "fontSize":20,
                  "textColor":"#ffffff",
                  "position":{
                     "x":"left",
                     "y":"top",
                     "offsetX":0,
                     "offsetY":0
                  },
                  "startAnimation":{
                     "animation":"fadeInLeft",
                     "speed":1000,
                     "delay":500
                  },
                  "endAnimation":{
                     "animation":"fadeOutLeft",
                     "speed":500,
                     "delay":0
                  },
                  "mode":"content",
                  "contentAnimationType":"animating",
                  "display":"block",
                  "marginTop":15,
                  "marginBottom":20,
                  "paddingLeft":0,
                  "lineHeight":35,
                  "fontWeight":400,
                  "fontFamily":"Raleway",
                  "color":"#ffffff",
                  "marginLeft":0
               },
               {
                  "type":"button",
                  "content":"Test drive",
                  "position":{
                     "x":"left",
                     "y":"top",
                     "offsetX":0,
                     "offsetY":0
                  },
                  "startAnimation":{
                     "speed":1000,
                     "delay":1000,
                     "animation":"fadeInLeft"
                  },
                  "endAnimation":{
                     "speed":500,
                     "animation":"fadeOutLeft"
                  },
                  "fontSize":15,
                  "backgroundColor":"#2196f3",
                  "padding":"20px 40px ",
                  "urlTargetBlank":true,
                  "url":"https://transitionslider.com/",
                  "mode":"content",
                  "contentAnimationType":"animating",
                  "paddingTop":20,
                  "paddingBottom":20,
                  "paddingRight":45,
                  "paddingLeft":45,
                  "display":"block",
                  "fontFamily":"Poppins",
                  "fontWeight":"normal",
                  "lineHeight":15,
                  "borderWidth":1,
                  "borderStyle":"solid",
                  "borderColor":"#2196f3",
                  "customCSS":"-webkit-transition: all 0.3s ease 0s;\n-moz-transition: all 0.3s ease 0s;\n-ms-transition: all 0.3s ease 0s;\n-o-transition: all 0.3s ease 0s;\ntransition: all 0.3s ease 0s;",
                  "borderRadius":3,
                  "hover":{
                     "backgroundColor":"rgba(0,0,0,0)",
                     "borderColor":"#ffffff",
                     "textColor":"#ffffff"
                  },
                  "marginLeft":0
               },
               {
                  "type":"text",
                  "mode":"canvas",
                  "contentAnimationType":"animating",
                  "fontWeight":"unset",
                  "textColor":"#ffffff",
                  "backgroundColor":"rgba(0,0,0,0.55)",
                  "borderRadius":0,
                  "position":{
                     "x":"center",
                     "y":"center",
                     "offsetX":1,
                     "offsetY":-1
                  },
                  "typingAnimation":{
                     "speed":50,
                     "loop":false,
                     "loopDelay":750,
                     "cursor":true,
                     "startDelay":0,
                     "freezeAt":0,
                     "unfreezeAfter":0
                  },
                  "startAnimation":{
                     "animation":"fadeIn",
                     "speed":1000,
                     "delay":0
                  },
                  "endAnimation":{
                     "animation":"fadeOut",
                     "speed":500,
                     "delay":0
                  },
                  "width":3840,
                  "height":2160,
                  "display":"block",
                  "color":"#ffffff"
               }
            ],
            "layerWidth":1500,
            "layerHeight":950,
            "brightness":"flash",
            "layerWidthMobile":750,
            "layerHeightMobile":600,
            "urlTarget":"_self"
         },
         {
            "src":"https://transitionslider.com/themeSliders/carSales/carSales3.jpg",
            "thumbSrc":"https://transitionslider.com/themeSliders/carSales/thumbnails/carSales3-thumb.jpg",
            "transitionEffect":"crossfade",
            "elements":[
               {
                  "type":"text",
                  "content":"Explore the Saloon models.",
                  "fontSize":72,
                  "textColor":"#ffffff",
                  "position":{
                     "x":"left",
                     "y":"top",
                     "offsetX":0,
                     "offsetY":0
                  },
                  "startAnimation":{
                     "animation":"fadeInLeft",
                     "speed":1000,
                     "delay":0
                  },
                  "endAnimation":{
                     "animation":"fadeOutLeft",
                     "speed":500,
                     "delay":0
                  },
                  "mode":"content",
                  "contentAnimationType":"animating",
                  "display":"block",
                  "marginTop":100,
                  "fontWeight":"bold",
                  "lineHeight":78,
                  "fontFamily":"Raleway",
                  "paddingLeft":0,
                  "color":"#ffffff",
                  "marginLeft":0
               },
               {
                  "type":"text",
                  "content":"There�s a perfect saloon for every situation.",
                  "fontSize":20,
                  "textColor":"#ffffff",
                  "position":{
                     "x":"left",
                     "y":"top",
                     "offsetX":0,
                     "offsetY":0
                  },
                  "startAnimation":{
                     "animation":"fadeInLeft",
                     "speed":1000,
                     "delay":500
                  },
                  "endAnimation":{
                     "animation":"fadeOutLeft",
                     "speed":500,
                     "delay":0
                  },
                  "mode":"content",
                  "contentAnimationType":"animating",
                  "display":"block",
                  "marginTop":15,
                  "marginBottom":20,
                  "lineHeight":35,
                  "fontWeight":400,
                  "fontFamily":"Raleway",
                  "paddingLeft":0,
                  "color":"#ffffff",
                  "marginLeft":0
               },
               {
                  "type":"button",
                  "content":"Discover",
                  "position":{
                     "x":"left",
                     "y":"top",
                     "offsetX":0,
                     "offsetY":0
                  },
                  "startAnimation":{
                     "speed":1000,
                     "delay":1000,
                     "animation":"fadeInLeft"
                  },
                  "endAnimation":{
                     "speed":500
                  },
                  "fontSize":15,
                  "backgroundColor":"#2196f3",
                  "padding":"20px 40px ",
                  "urlTargetBlank":true,
                  "url":"https://transitionslider.com/",
                  "mode":"content",
                  "contentAnimationType":"animating",
                  "display":"block",
                  "paddingTop":20,
                  "paddingBottom":20,
                  "paddingRight":45,
                  "paddingLeft":45,
                  "lineHeight":15,
                  "fontWeight":"normal",
                  "fontFamily":"Poppins",
                  "borderWidth":1,
                  "borderStyle":"solid",
                  "borderColor":"#2196f3",
                  "customCSS":"-webkit-transition: all 0.3s ease 0s;\n-moz-transition: all 0.3s ease 0s;\n-ms-transition: all 0.3s ease 0s;\n-o-transition: all 0.3s ease 0s;\ntransition: all 0.3s ease 0s;",
                  "borderRadius":3,
                  "hover":{
                     "backgroundColor":"rgba(0,0,0,0)",
                     "borderColor":"#ffffff",
                     "textColor":"#ffffff"
                  },
                  "marginLeft":0
               },
               {
                  "type":"text",
                  "mode":"canvas",
                  "contentAnimationType":"animating",
                  "fontWeight":"unset",
                  "textColor":"#ffffff",
                  "backgroundColor":"rgba(0,0,0,0.55)",
                  "borderRadius":0,
                  "position":{
                     "x":"center",
                     "y":"center",
                     "offsetX":1,
                     "offsetY":-1
                  },
                  "typingAnimation":{
                     "speed":50,
                     "loop":false,
                     "loopDelay":750,
                     "cursor":true,
                     "startDelay":0,
                     "freezeAt":0,
                     "unfreezeAfter":0
                  },
                  "startAnimation":{
                     "animation":"fadeIn",
                     "speed":1000,
                     "delay":0
                  },
                  "endAnimation":{
                     "animation":"fadeOut",
                     "speed":500,
                     "delay":0
                  },
                  "width":3840,
                  "height":2160,
                  "display":"block",
                  "color":"#ffffff"
               }
            ],
            "layerWidth":1500,
            "layerHeight":950,
            "layerWidthMobile":750,
            "layerHeightMobile":600,
            "transitionDuration":2500,
            "urlTarget":"_self",
            "direction":"in"
         },
         {
            "src":"https://transitionslider.com/themeSliders/carSales/carSales4.jpg",
            "thumbSrc":"https://transitionslider.com/themeSliders/carSales/thumbnails/carSales4-thumb.jpg",
            "transitionEffect":"zoom",
            "layerWidth":1500,
            "layerHeight":950,
            "elements":[
               {
                  "type":"text",
                  "content":"BMW Store",
                  "fontSize":72,
                  "textColor":"#ffffff",
                  "position":{
                     "x":"left",
                     "y":"top",
                     "offsetX":0,
                     "offsetY":0
                  },
                  "startAnimation":{
                     "animation":"fadeInLeft",
                     "speed":1000,
                     "delay":0
                  },
                  "endAnimation":{
                     "animation":"fadeOutLeft",
                     "speed":500,
                     "delay":0
                  },
                  "mode":"content",
                  "contentAnimationType":"animating",
                  "display":"block",
                  "marginTop":100,
                  "fontFamily":"Raleway",
                  "fontWeight":"bold",
                  "lineHeight":78,
                  "paddingLeft":0,
                  "color":"#ffffff",
                  "marginLeft":0
               },
               {
                  "type":"text",
                  "content":"Not every journey has an end.",
                  "fontSize":20,
                  "textColor":"#ffffff",
                  "position":{
                     "x":"left",
                     "y":"top",
                     "offsetX":0,
                     "offsetY":0
                  },
                  "startAnimation":{
                     "animation":"fadeInLeft",
                     "speed":1000,
                     "delay":500
                  },
                  "endAnimation":{
                     "animation":"fadeOutLeft",
                     "speed":500,
                     "delay":0
                  },
                  "mode":"content",
                  "contentAnimationType":"animating",
                  "display":"block",
                  "marginTop":15,
                  "marginBottom":20,
                  "paddingLeft":0,
                  "lineHeight":35,
                  "fontWeight":400,
                  "fontFamily":"Raleway",
                  "color":"#ffffff",
                  "marginLeft":0
               },
               {
                  "type":"button",
                  "content":"Contact Us",
                  "position":{
                     "x":"left",
                     "y":"top",
                     "offsetX":0,
                     "offsetY":0
                  },
                  "startAnimation":{
                     "speed":1000,
                     "delay":1000,
                     "animation":"fadeInLeft"
                  },
                  "endAnimation":{
                     "speed":500,
                     "animation":"fadeOutLeft"
                  },
                  "fontSize":15,
                  "backgroundColor":"#2196f3",
                  "padding":"20px 40px ",
                  "urlTargetBlank":true,
                  "url":"https://transitionslider.com/",
                  "mode":"content",
                  "contentAnimationType":"animating",
                  "display":"block",
                  "paddingTop":20,
                  "paddingBottom":20,
                  "paddingRight":45,
                  "paddingLeft":45,
                  "lineHeight":15,
                  "fontWeight":"normal",
                  "fontFamily":"Poppins",
                  "borderWidth":1,
                  "borderStyle":"solid",
                  "borderColor":"#2196f3",
                  "customCSS":"-webkit-transition: all 0.3s ease 0s;\n-moz-transition: all 0.3s ease 0s;\n-ms-transition: all 0.3s ease 0s;\n-o-transition: all 0.3s ease 0s;\ntransition: all 0.3s ease 0s;",
                  "borderRadius":3,
                  "hover":{
                     "textColor":"#ffffff",
                     "borderColor":"#ffffff",
                     "backgroundColor":"rgba(0,0,0,0)"
                  },
                  "marginLeft":0
               },
               {
                  "type":"text",
                  "mode":"canvas",
                  "contentAnimationType":"animating",
                  "fontWeight":"unset",
                  "textColor":"#ffffff",
                  "backgroundColor":"rgba(0,0,0,0.55)",
                  "borderRadius":0,
                  "position":{
                     "x":"center",
                     "y":"center",
                     "offsetX":1,
                     "offsetY":-1
                  },
                  "typingAnimation":{
                     "speed":50,
                     "loop":false,
                     "loopDelay":750,
                     "cursor":true,
                     "startDelay":0,
                     "freezeAt":0,
                     "unfreezeAfter":0
                  },
                  "startAnimation":{
                     "animation":"fadeIn",
                     "speed":1000,
                     "delay":0
                  },
                  "endAnimation":{
                     "animation":"fadeOut",
                     "speed":500,
                     "delay":0
                  },
                  "width":3840,
                  "height":2160,
                  "display":"block",
                  "color":"#ffffff"
               }
            ],
            "layerWidthMobile":750,
            "layerHeightMobile":600,
            "urlTarget":"_self",
            "direction":"in",
            "easing":"slow",
            "brightness":7,
            "distance":7
         }
      ],
      "action":"transitionslider_save",
      "id":19,
      "security":"ec29a27b76",
      "status":"published",
      "ratioMobile":0.85,
      "ratioTablet":1.5,
      "date":"2020-03-26 10:43:31",
      "layerWidth":"80%",
      "layerHeight":"100%",
      "layerHeightMinMobile":"655px",
      "tabletSize":1024,
      "mobileSize":768,
      "wheelNavigation":{
         "enable":false,
         "stopOnLast":false
      },
      "lightbox":{
         "backgroundColor":"rgba(0, 0, 0, 0.95)",
         "closeColor":"#ffffff"
      }
}