{
      "instanceName":"TEMPLATE - Creative Agency",
      "initialSlide":0,
      "shadow":"off",
      "grabCursor":1,
      "stopOnLastSlide":0,
      "responsive":1,
      "ratio":2,
      "ratio1800":2,
      "ratio1200":1.8,
      "ratio900":1.4,
      "ratio600":1,
      "fullscreen":true,
      "width":1000,
      "height":550,
      "autoplay":{
         "enable":1,
         "delay":3000,
         "disableOnInteraction":1,
         "reverseDirection":0
      },
      "navigation":{
         "enable":true,
         "style":"effect5"
      },
      "keyboard":{
         "enable":1
      },
      "pagination":{
         "enable":1,
         "style":"effect1",
         "clickable":1,
         "dynamicBullets":0,
         "type":"bullets",
         "backgroundColor":"#ffffff",
         "border":"#FFF",
         "backgroundColorActive":"#7148d0",
         "borderActive":"#7148D0"
      },
      "hashNavigation":false,
      "buttons":{
         "pauseVisible":1,
         "muteVisible":1
      },
      "loading":{
         "fadeEffect":true,
         "backgroundColor":"#ffffff",
         "textColor":"#CCC",
         "color":"#c4c4c4",
         "style":"style2"
      },
      "slides":[
         {
            "src":"https://transitionslider.com/themeSliders/creativeAgency/creative-1.jpg",
            "thumbSrc":"https://transitionslider.com/themeSliders/creativeAgency/thumbnails/creative-1-thumb.jpg",
            "layerWidth":960,
            "layerHeight":800,
            "elements":[
               {
                  "type":"text",
                  "content":"Creative Agency",
                  "fontSize":100,
                  "textColor":"#ffffff",
                  "position":{
                     "x":"center",
                     "y":"center",
                     "offsetX":0,
                     "offsetY":0
                  },
                  "startAnimation":{
                     "animation":"fadeInUp",
                     "speed":750,
                     "delay":750
                  },
                  "endAnimation":{
                     "animation":"bounceIn",
                     "speed":1400,
                     "delay":1000
                  },
                  "mode":"content",
                  "contentAnimationType":"animating",
                  "fontWeight":700,
                  "fontFamily":"Montserrat",
                  "color":"#ffffff",
                  "htmlTag":"div",
                  "customCSS":"text-shadow: 0 2px 4px rgba(0,0,0,0.50);",
                  "tablet":{
                     "fontSize":50,
                     "contentAnimationType":"animating",
                     "startAnimation":{
                        "animation":"fadeInDown",
                        "speed":750,
                        "delay":750
                     }
                  },
                  "mobile":{
                     "fontSize":32
                  },
                  "lineHeight":120,
                  "marginBottom":30
               },
               {
                  "type":"text",
                  "content":"We love clean design and advanced digital solutions.",
                  "fontSize":24,
                  "textColor":"#ffffff",
                  "position":{
                     "x":"center",
                     "y":"center",
                     "offsetX":0,
                     "offsetY":35
                  },
                  "startAnimation":{
                     "animation":"fadeInUp",
                     "speed":750,
                     "delay":1250
                  },
                  "endAnimation":{
                     "animation":"fadeOutUp",
                     "speed":1000,
                     "delay":1000
                  },
                  "customCSS":"text-shadow: 0 2px 4px rgba(0,0,0,0.50);",
                  "mode":"content",
                  "contentAnimationType":"animating",
                  "fontWeight":400,
                  "fontFamily":"Montserrat",
                  "color":"#ffffff",
                  "tablet":{
                     "contentAnimationType":"animating",
                     "startAnimation":{
                        "animation":"fadeInDown",
                        "speed":750
                     },
                     "fontSize":18
                  },
                  "mobile":{
                     "fontSize":18
                  },
                  "marginBottom":30
               },
               {
                  "type":"button",
                  "mode":"content",
                  "content":"LEARN MORE",
                  "contentAnimationType":"animating",
                  "fontSize":16,
                  "fontWeight":500,
                  "textColor":"#ffffff",
                  "backgroundColor":"#b3f3db",
                  "position":{
                     "x":"center",
                     "y":"center",
                     "offsetX":0,
                     "offsetY":0
                  },
                  "typingAnimation":{
                     "speed":50,
                     "loop":false,
                     "loopDelay":750,
                     "cursor":true,
                     "startDelay":0,
                     "freezeAt":0,
                     "unfreezeAfter":0
                  },
                  "startAnimation":{
                     "animation":"fadeInUp",
                     "speed":1250,
                     "delay":1500
                  },
                  "endAnimation":{
                     "animation":"fadeOutUp",
                     "speed":500,
                     "delay":0
                  },
                  "color":"#ffffff",
                  "fontFamily":"Montserrat",
                  "lineHeight":0,
                  "paddingTop":20,
                  "paddingBottom":20,
                  "tablet":{
                     "contentAnimationType":"animating",
                     "startAnimation":{
                        "animation":"fadeInUp",
                        "speed":1250,
                        "delay":1500
                     }
                  },
                  "hover":{
                     "textColor":"#ffffff"
                  },
                  "paddingRight":35,
                  "paddingLeft":35,
                  "customCSS":"background-image: linear-gradient(180deg, #6051E4 0%, #996ED8 100%);\n",
                  "borderRadius":4,
                  "letterSpacing":1.3
               }
            ],
            "transitionDuration":1500,
            "urlTarget":"_self",
            "transitionEffect":"roll",
            "direction":"bottom",
            "blur":0.3,
            "brightness":0.5
         },
         {
            "src":"https://transitionslider.com/themeSliders/creativeAgency/creative-2.jpg",
            "thumbSrc":"https://transitionslider.com/themeSliders/creativeAgency/thumbnails/creative-2-thumb.jpg",
            "layerWidth":960,
            "layerHeight":800,
            "elements":[
               {
                  "type":"text",
                  "content":"We Are Creative",
                  "fontSize":100,
                  "textColor":"#ffffff",
                  "position":{
                     "x":"center",
                     "y":"center",
                     "offsetX":0,
                     "offsetY":-35
                  },
                  "startAnimation":{
                     "animation":"fadeInUp",
                     "speed":750,
                     "delay":750
                  },
                  "endAnimation":{
                     "animation":"bounceIn",
                     "speed":1400,
                     "delay":1000
                  },
                  "mode":"content",
                  "contentAnimationType":"animating",
                  "fontWeight":700,
                  "fontFamily":"Montserrat",
                  "color":"#ffffff",
                  "htmlTag":"div",
                  "customCSS":"text-shadow: 0 2px 4px rgba(0,0,0,0.50);",
                  "tablet":{
                     "fontSize":50,
                     "contentAnimationType":"animating",
                     "startAnimation":{
                        "animation":"fadeInDown",
                        "speed":750,
                        "delay":750
                     }
                  },
                  "mobile":{
                     "fontSize":32
                  },
                  "lineHeight":120,
                  "paddingBottom":30
               },
               {
                  "type":"text",
                  "content":"We carry a passion for performance and details.",
                  "fontSize":24,
                  "textColor":"#ffffff",
                  "position":{
                     "x":"center",
                     "y":"center",
                     "offsetX":0,
                     "offsetY":35
                  },
                  "startAnimation":{
                     "animation":"fadeInUp",
                     "speed":750,
                     "delay":1250
                  },
                  "endAnimation":{
                     "animation":"fadeOutUp",
                     "speed":1000,
                     "delay":1000
                  },
                  "customCSS":"text-shadow: 0 2px 4px rgba(0,0,0,0.50);",
                  "mode":"content",
                  "contentAnimationType":"animating",
                  "fontWeight":400,
                  "fontFamily":"Montserrat",
                  "color":"#ffffff",
                  "tablet":{
                     "contentAnimationType":"animating",
                     "startAnimation":{
                        "animation":"fadeInDown",
                        "speed":750
                     },
                     "fontSize":18
                  },
                  "mobile":{
                     "fontSize":18
                  },
                  "marginBottom":30
               },
               {
                  "type":"button",
                  "mode":"content",
                  "content":"MEET OUR TEAM",
                  "contentAnimationType":"animating",
                  "fontSize":16,
                  "fontWeight":500,
                  "textColor":"#ffffff",
                  "backgroundColor":"#b3f3db",
                  "position":{
                     "x":"center",
                     "y":"center",
                     "offsetX":0,
                     "offsetY":0
                  },
                  "typingAnimation":{
                     "speed":50,
                     "loop":false,
                     "loopDelay":750,
                     "cursor":true,
                     "startDelay":0,
                     "freezeAt":0,
                     "unfreezeAfter":0
                  },
                  "startAnimation":{
                     "animation":"fadeInUp",
                     "speed":1250,
                     "delay":1500
                  },
                  "endAnimation":{
                     "animation":"fadeOutUp",
                     "speed":500,
                     "delay":0
                  },
                  "color":"#ffffff",
                  "fontFamily":"Montserrat",
                  "lineHeight":0,
                  "paddingTop":20,
                  "paddingBottom":20,
                  "tablet":{
                     "contentAnimationType":"animating",
                     "startAnimation":{
                        "animation":"fadeInUp",
                        "speed":1250,
                        "delay":1500
                     }
                  },
                  "hover":{
                     "backgroundColor":"#2764f4"
                  },
                  "paddingRight":35,
                  "paddingLeft":35,
                  "customCSS":"background-image: linear-gradient(180deg, #6051E4 0%, #996ED8 100%);\n",
                  "borderRadius":4,
                  "letterSpacing":1.3
               }
            ],
            "transitionDuration":1500,
            "urlTarget":"_self",
            "transitionEffect":"twirl",
            "direction":"left"
         },
         {
            "src":"https://transitionslider.com/themeSliders/creativeAgency/creative-3.jpg",
            "thumbSrc":"https://transitionslider.com/themeSliders/creativeAgency/thumbnails/creative-3-thumb.jpg",
            "layerWidth":960,
            "layerHeight":800,
            "elements":[
               {
                  "type":"text",
                  "content":"Solutions",
                  "fontSize":100,
                  "textColor":"#ffffff",
                  "position":{
                     "x":"center",
                     "y":"center",
                     "offsetX":0,
                     "offsetY":-35
                  },
                  "startAnimation":{
                     "animation":"fadeInUp",
                     "speed":750,
                     "delay":750
                  },
                  "endAnimation":{
                     "animation":"bounceIn",
                     "speed":1400,
                     "delay":1000
                  },
                  "mode":"content",
                  "contentAnimationType":"animating",
                  "fontWeight":700,
                  "fontFamily":"Montserrat",
                  "color":"#ffffff",
                  "htmlTag":"div",
                  "customCSS":"background: -webkit-linear-gradient(#6051E4, #6051E4) !important;\n  -webkit-background-clip: text !important;\n  -webkit-text-fill-color: transparent !important;",
                  "tablet":{
                     "fontSize":50,
                     "contentAnimationType":"animating",
                     "startAnimation":{
                        "animation":"fadeInDown",
                        "speed":750,
                        "delay":750
                     }
                  },
                  "mobile":{
                     "fontSize":32
                  },
                  "lineHeight":120,
                  "marginBottom":30
               },
               {
                  "type":"text",
                  "content":"We create solutions that transform brands.",
                  "fontSize":24,
                  "textColor":"#787878",
                  "position":{
                     "x":"center",
                     "y":"center",
                     "offsetX":0,
                     "offsetY":35
                  },
                  "startAnimation":{
                     "animation":"fadeInUp",
                     "speed":750,
                     "delay":1250
                  },
                  "endAnimation":{
                     "animation":"fadeOutUp",
                     "speed":1000,
                     "delay":1000
                  },
                  "mode":"content",
                  "contentAnimationType":"animating",
                  "fontWeight":400,
                  "fontFamily":"Montserrat",
                  "color":"#787878",
                  "tablet":{
                     "contentAnimationType":"animating",
                     "startAnimation":{
                        "animation":"fadeInDown",
                        "speed":750
                     },
                     "fontSize":18
                  },
                  "mobile":{
                     "fontSize":18
                  },
                  "marginBottom":30
               },
               {
                  "type":"button",
                  "mode":"content",
                  "content":"CONTACT US",
                  "contentAnimationType":"animating",
                  "fontSize":16,
                  "fontWeight":500,
                  "textColor":"#ffffff",
                  "backgroundColor":"#b3f3db",
                  "position":{
                     "x":"center",
                     "y":"center",
                     "offsetX":0,
                     "offsetY":0
                  },
                  "typingAnimation":{
                     "speed":50,
                     "loop":false,
                     "loopDelay":750,
                     "cursor":true,
                     "startDelay":0,
                     "freezeAt":0,
                     "unfreezeAfter":0
                  },
                  "startAnimation":{
                     "animation":"fadeInUp",
                     "speed":1250,
                     "delay":1500
                  },
                  "endAnimation":{
                     "animation":"fadeOutUp",
                     "speed":500,
                     "delay":0
                  },
                  "color":"#ffffff",
                  "fontFamily":"Montserrat",
                  "lineHeight":0,
                  "paddingTop":20,
                  "paddingBottom":20,
                  "tablet":{
                     "contentAnimationType":"animating",
                     "startAnimation":{
                        "animation":"fadeInUp",
                        "speed":1250,
                        "delay":1500
                     },
                     "textColor":"#ffffff"
                  },
                  "hover":{
                     "backgroundColor":"#2764f4"
                  },
                  "paddingRight":35,
                  "paddingLeft":35,
                  "customCSS":"background-image: linear-gradient(180deg, #6051E4 0%, #996ED8 100%);\n",
                  "borderRadius":4,
                  "letterSpacing":1.3,
                  "mobile":{
                     "textColor":"#ffffff"
                  }
               }
            ],
            "transitionDuration":1500,
            "urlTarget":"_self",
            "transitionEffect":"crossfade",
            "direction":"in"
         }
      ],
      "action":"transitionslider_save",
      "id":53,
      "security":"ec29a27b76",
      "status":"published",
      "date":"2020-08-10 08:52:34",
      "layerWidth":"80%",
      "layerHeight":"100%",
      "tabletSize":1024,
      "mobileSize":768,
      "wheelNavigation":false,
      "name":"slider 53",
      "lightbox":{
         "backgroundColor":"rgba(0, 0, 0, 0.95)",
         "closeColor":"#ffffff"
      }
}