{
      "id":47,
      "name":"slider 47",
      "instanceName":"TEMPLATE - Inovative Multipurpose",
      "date":"2020-09-10 06:46:12",
      "status":"published",
      "slides":[
         {
            "src":"https://transitionslider.com/themeSliders/innovativeMultipurpose/1bg.jpg",
            "thumbSrc":"https://transitionslider.com/themeSliders/innovativeMultipurpose/thumbnails/slide1-thumb.jpg",
            "elements":[
               {
                  "type":"text",
                  "fontFamily":"initial",
                  "fontWeight":"unset",
                  "textColor":"#ffffff",
                  "borderRadius":0,
                  "position":{
                     "x":"center",
                     "y":"center",
                     "offsetX":0,
                     "offsetY":0
                  },
                  "startAnimation":{
                     "animation":"fadeIn",
                     "speed":800,
                     "delay":0
                  },
                  "endAnimation":{
                     "animation":"fadeOut",
                     "speed":800,
                     "delay":0
                  },
                  "textAlign":"left",
                  "backgroundColor":"rgba(51,0,40,0.26)",
                  "customCSS":"text-shadow: rgb(0,0,0) 0px 0px 1px;",
                  "mode":"canvas",
                  "contentAnimationType":"animating",
                  "width":3840,
                  "height":2160,
                  "display":"block",
                  "color":"#ffffff"
               },
               {
                  "type":"image",
                  "src":"https://transitionslider.com/themeSliders/innovativeMultipurpose/1a.png",
                  "position":{
                     "x":"center",
                     "y":"center",
                     "offsetX":-190,
                     "offsetY":-48
                  },
                  "startAnimation":{
                     "animation":"rotateInUpLeft",
                     "speed":2000,
                     "delay":0
                  },
                  "endAnimation":{
                     "animation":"rotateOutDownLeft",
                     "speed":2000,
                     "delay":0
                  },
                  "width":1400,
                  "mode":"canvas",
                  "contentAnimationType":"animating",
                  "mobile":{
                     "mode":"canvas",
                     "maxWidth":600,
                     "position":{
                        "offsetX":-40,
                        "x":"center",
                        "y":"center",
                        "offsetY":0
                     },
                     "width":600,
                     "minWidth":600
                  }
               },
               {
                  "type":"image",
                  "src":"https://transitionslider.com/themeSliders/innovativeMultipurpose/1b.png",
                  "position":{
                     "x":"center",
                     "y":"center",
                     "offsetX":516,
                     "offsetY":0
                  },
                  "startAnimation":{
                     "animation":"fadeInRight",
                     "speed":2000,
                     "delay":100
                  },
                  "endAnimation":{
                     "animation":"fadeOutRight",
                     "speed":2000,
                     "delay":500
                  },
                  "width":1400,
                  "mode":"canvas",
                  "contentAnimationType":"animating",
                  "mobile":{
                     "position":{
                        "offsetX":240,
                        "offsetY":0,
                        "x":"center",
                        "y":"center"
                     },
                     "mode":"canvas",
                     "width":700,
                     "minWidth":700,
                     "maxWidth":700
                  }
               },
               {
                  "type":"image",
                  "src":"https://transitionslider.com/themeSliders/innovativeMultipurpose/1c.png",
                  "position":{
                     "x":"center",
                     "y":"center",
                     "offsetX":175,
                     "offsetY":27.006756756756758
                  },
                  "startAnimation":{
                     "animation":"rotateInUpLeft",
                     "speed":2000,
                     "delay":400
                  },
                  "endAnimation":{
                     "animation":"rotateOutUpRight",
                     "speed":2000,
                     "delay":600
                  },
                  "width":2100,
                  "content":"SPIRAL",
                  "mode":"canvas",
                  "contentAnimationType":"animating",
                  "mobile":{
                     "mode":"canvas",
                     "width":600,
                     "minWidth":600,
                     "maxWidth":600,
                     "position":{
                        "offsetX":20,
                        "offsetY":0,
                        "x":"center",
                        "y":"center"
                     }
                  }
               },
               {
                  "type":"text",
                  "content":"SPIRAL IS WHAT MAKES YOUR IDEA GO LIVE",
                  "fontSize":56,
                  "fontFamily":"Jost",
                  "fontWeight":200,
                  "textColor":"#ffffff",
                  "borderRadius":0,
                  "position":{
                     "x":"left",
                     "y":"center",
                     "offsetX":0,
                     "offsetY":0
                  },
                  "startAnimation":{
                     "animation":"fadeInUp",
                     "speed":1000,
                     "delay":1200
                  },
                  "endAnimation":{
                     "animation":"fadeOut",
                     "speed":1000,
                     "delay":1200
                  },
                  "textAlign":"left",
                  "backgroundColor":"rgba(255,255,255,0)",
                  "lineHeight":68,
                  "mode":"content",
                  "contentAnimationType":"animating",
                  "display":"block",
                  "paddingLeft":0,
                  "color":"#ffffff",
                  "mobile":{
                     "fontSize":50,
                     "fontWeight":200,
                     "lineHeight":55,
                     "width":250,
                     "minWidth":250,
                     "maxWidth":250,
                     "textAlign":"left",
                     "mode":"content",
                     "position":{
                        "offsetX":0,
                        "x":"left",
                        "y":"center",
                        "offsetY":0
                     },
                     "display":"block",
                     "marginLeft":20,
                     "paddingTop":0,
                     "paddingRight":0,
                     "paddingBottom":0,
                     "paddingLeft":0
                  },
                  "width":600,
                  "minWidth":600,
                  "maxWidth":600,
                  "letterSpacing":3.6,
                  "tablet":{
                     "fontSize":"60",
                     "maxWidth":"500",
                     "width":"500",
                     "minWidth":"500"
                  }
               },
               {
                  "type":"text",
                  "content":"Intuitive Drag and Drop builder, Transition Slider gives you even more options to tweak the final result.",
                  "fontSize":17,
                  "fontFamily":"Mulish",
                  "fontWeight":300,
                  "textColor":"#ffffff",
                  "backgroundColor":"rgba(0,0,0,0)",
                  "borderRadius":0,
                  "position":{
                     "x":"left",
                     "y":"center",
                     "offsetX":0,
                     "offsetY":0
                  },
                  "startAnimation":{
                     "animation":"fadeInUp",
                     "speed":1000,
                     "delay":1300
                  },
                  "endAnimation":{
                     "animation":"fadeOut",
                     "speed":1000,
                     "delay":1300
                  },
                  "textAlign":"left",
                  "lineHeight":29,
                  "mode":"content",
                  "contentAnimationType":"animating",
                  "display":"block",
                  "marginTop":25,
                  "marginBottom":25,
                  "customCSS":"letter-spacing: 0.03em;",
                  "paddingLeft":0,
                  "color":"#ffffff",
                  "width":650,
                  "minWidth":650,
                  "maxWidth":650,
                  "mobile":{
                     "width":300,
                     "minWidth":300,
                     "maxWidth":300,
                     "mode":"content",
                     "position":{
                        "offsetX":0,
                        "x":"left",
                        "y":"center",
                        "offsetY":0
                     },
                     "display":"block",
                     "textAlign":"left",
                     "marginLeft":20,
                     "paddingTop":0,
                     "paddingRight":0,
                     "paddingBottom":0,
                     "paddingLeft":0,
                     "fontSize":18,
                     "lineHeight":30,
                     "fontWeight":300
                  },
                  "tablet":{
                     "lineHeight":"32",
                     "fontSize":"20",
                     "width":"500",
                     "minWidth":"500",
                     "maxWidth":"500"
                  }
               },
               {
                  "type":"button",
                  "content":"PURCHASE NOW",
                  "fontSize":15,
                  "fontWeight":400,
                  "textColor":"#fff3d7",
                  "backgroundColor":"#ae4122",
                  "borderRadius":45,
                  "position":{
                     "x":"left",
                     "y":"center",
                     "offsetX":0,
                     "offsetY":0
                  },
                  "startAnimation":{
                     "animation":"fadeInUp",
                     "speed":1500,
                     "delay":1800
                  },
                  "endAnimation":{
                     "animation":"fadeOut",
                     "speed":1500,
                     "delay":1800
                  },
                  "paddingTop":20,
                  "paddingLeft":36,
                  "paddingRight":36,
                  "paddingBottom":20,
                  "borderColor":"#ae4122",
                  "borderStyle":"solid",
                  "url":"https://transitionslider.com/",
                  "textAlign":"center",
                  "customCSS":"\n-webkit-transition: all .3s ease-in-out;\n-moz-transition: all .3s ease-in-out;\n-ms-transition: all .3s ease-in-out;\n-o-transition: all .3s ease-in-out;\ntransition: all .3s ease-in-out;\n",
                  "urlTargetBlank":1,
                  "fontFamily":"Jost",
                  "borderWidth":1,
                  "mode":"content",
                  "contentAnimationType":"animating",
                  "display":"inline-block",
                  "marginRight":10,
                  "lineHeight":20,
                  "marginLeft":0,
                  "hover":{
                     "backgroundColor":"rgba(255,255,255,0)",
                     "borderColor":"#ffffff",
                     "textColor":"#ffffff"
                  },
                  "color":"#fff3d7",
                  "mobile":{
                     "mode":"content",
                     "position":{
                        "offsetX":0,
                        "x":"left",
                        "y":"center",
                        "offsetY":0
                     },
                     "display":"inline-block",
                     "textAlign":"center",
                     "marginLeft":"20",
                     "marginRight":"5",
                     "marginBottom":20
                  },
                  "letterSpacing":1.5,
                  "tablet":{
                     "lineHeight":"22",
                     "fontSize":"16"
                  }
               },
               {
                  "type":"button",
                  "content":"Or View Features",
                  "fontSize":16,
                  "fontWeight":400,
                  "textColor":"#f0b363",
                  "backgroundColor":"rgba(255,255,255,0)",
                  "borderRadius":45,
                  "position":{
                     "x":"left",
                     "y":"center",
                     "offsetX":0,
                     "offsetY":0
                  },
                  "startAnimation":{
                     "animation":"fadeInUp",
                     "speed":1500,
                     "delay":1800
                  },
                  "endAnimation":{
                     "animation":"fadeOut",
                     "speed":1500,
                     "delay":1800
                  },
                  "paddingTop":20,
                  "paddingLeft":36,
                  "paddingRight":36,
                  "paddingBottom":20,
                  "borderColor":"#f0b363",
                  "borderStyle":"solid",
                  "url":"https://transitionslider.com/",
                  "textAlign":"center",
                  "customCSS":"-webkit-transition: all .3s ease-in-out;\n-moz-transition: all .3s ease-in-out;\n-ms-transition: all .3s ease-in-out;\n-o-transition: all .3s ease-in-out;\ntransition: all .3s ease-in-out;",
                  "urlTargetBlank":1,
                  "fontFamily":"Jost",
                  "borderWidth":1,
                  "mode":"content",
                  "contentAnimationType":"animating",
                  "display":"inline-block",
                  "lineHeight":20,
                  "hover":{
                     "borderColor":"rgba(0,0,0,0)",
                     "textColor":"#ffffff",
                     "backgroundColor":"#f0b363"
                  },
                  "color":"#f0b363",
                  "mobile":{
                     "mode":"content",
                     "position":{
                        "offsetX":0,
                        "x":"left",
                        "y":"center",
                        "offsetY":0
                     },
                     "display":"inline-block",
                     "textAlign":"center"
                  },
                  "letterSpacing":0.7,
                  "marginLeft":20,
                  "tablet":{
                     "lineHeight":"22",
                     "fontSize":"17"
                  }
               }
            ],
            "transitionEffect":"zoom",
            "transitionDuration":1500,
            "layerWidthMobile":1250,
            "layerWidth":1920,
            "layerHeight":1080,
            "layerHeightMobile":325,
            "urlTarget":"_self",
            "direction":"in",
            "distance":7,
            "blur":1,
            "brightness":2
         },
         {
            "src":"https://transitionslider.com/themeSliders/innovativeMultipurpose/Leaf.mp4",
            "thumbSrc":"https://transitionslider.com/themeSliders/innovativeMultipurpose/thumbnails/slide2-thumb.jpg",
            "elements":[
               {
                  "type":"text",
                  "fontFamily":"initial",
                  "fontWeight":"unset",
                  "textColor":"#ffffff",
                  "borderRadius":0,
                  "position":{
                     "x":"center",
                     "y":"center",
                     "offsetX":0,
                     "offsetY":0
                  },
                  "startAnimation":{
                     "animation":"fadeIn",
                     "speed":800,
                     "delay":0
                  },
                  "endAnimation":{
                     "animation":"fadeOut",
                     "speed":800,
                     "delay":0
                  },
                  "textAlign":"left",
                  "backgroundColor":"rgba(38,0,0,0.64)",
                  "customCSS":"text-shadow: rgb(0,0,0) 0px 0px 1px;",
                  "width":3840,
                  "height":2160,
                  "mode":"canvas",
                  "contentAnimationType":"animating",
                  "display":"block",
                  "color":"#ffffff",
                  "mobile":{
                     "position":{
                        "offsetX":0,
                        "offsetY":0,
                        "x":"center",
                        "y":"center"
                     }
                  }
               },
               {
                  "type":"text",
                  "content":"CREATIVITY COMES FROM A CONFLICT OF IDEAS",
                  "fontSize":56,
                  "fontFamily":"Jost",
                  "fontWeight":200,
                  "textColor":"#ffffff",
                  "borderRadius":0,
                  "position":{
                     "x":"center",
                     "y":"center",
                     "offsetX":0,
                     "offsetY":0
                  },
                  "startAnimation":{
                     "animation":"fadeInUp",
                     "speed":1000,
                     "delay":1200
                  },
                  "endAnimation":{
                     "animation":"fadeOut",
                     "speed":1000
                  },
                  "textAlign":"center",
                  "backgroundColor":"rgba(255,255,255,0)",
                  "lineHeight":68,
                  "mode":"content",
                  "contentAnimationType":"animating",
                  "display":"block",
                  "color":"#ffffff",
                  "mobile":{
                     "fontSize":50,
                     "lineHeight":55,
                     "fontWeight":200,
                     "width":390,
                     "minWidth":390,
                     "maxWidth":390,
                     "paddingTop":0,
                     "paddingRight":0,
                     "paddingBottom":0,
                     "paddingLeft":0
                  },
                  "width":900,
                  "minWidth":900,
                  "maxWidth":900,
                  "letterSpacing":3.6,
                  "tablet":{
                     "fontSize":"60",
                     "width":"600",
                     "minWidth":"600",
                     "maxWidth":"600"
                  }
               },
               {
                  "type":"text",
                  "content":"We keep it simple, while considering each scenario so now it can handle any kind of content and still look great!",
                  "fontSize":20,
                  "fontFamily":"Poppins",
                  "fontWeight":300,
                  "textColor":"#ffffff",
                  "backgroundColor":"rgba(0,0,0,0)",
                  "borderRadius":0,
                  "position":{
                     "x":"center",
                     "y":"center",
                     "offsetX":0,
                     "offsetY":0
                  },
                  "startAnimation":{
                     "animation":"fadeInUp",
                     "speed":1000,
                     "delay":1300
                  },
                  "endAnimation":{
                     "animation":"fadeOut",
                     "speed":1000
                  },
                  "textAlign":"center",
                  "lineHeight":35,
                  "mode":"content",
                  "contentAnimationType":"animating",
                  "display":"block",
                  "marginTop":25,
                  "marginBottom":25,
                  "customCSS":"letter-spacing: 0.03em;",
                  "color":"#ffffff",
                  "width":560,
                  "minWidth":560,
                  "maxWidth":560,
                  "mobile":{
                     "width":390,
                     "minWidth":390,
                     "maxWidth":390,
                     "paddingTop":0,
                     "paddingRight":0,
                     "paddingBottom":0,
                     "paddingLeft":0,
                     "fontSize":18,
                     "fontWeight":300,
                     "lineHeight":30
                  },
                  "tablet":{
                     "lineHeight":"35",
                     "fontSize":"20"
                  }
               },
               {
                  "type":"button",
                  "content":"PURCHASE NOW",
                  "fontSize":15,
                  "fontWeight":400,
                  "textColor":"#fff3d7",
                  "backgroundColor":"#ae4122",
                  "borderRadius":45,
                  "position":{
                     "x":"center",
                     "y":"center",
                     "offsetX":0,
                     "offsetY":0
                  },
                  "startAnimation":{
                     "animation":"fadeInUp",
                     "speed":1500,
                     "delay":1800
                  },
                  "endAnimation":{
                     "animation":"fadeOut",
                     "speed":500,
                     "delay":0
                  },
                  "paddingTop":20,
                  "paddingLeft":36,
                  "paddingRight":36,
                  "paddingBottom":20,
                  "borderColor":"#ae4122",
                  "borderStyle":"solid",
                  "url":"https://transitionslider.com/",
                  "textAlign":"center",
                  "customCSS":"-webkit-transition: all .3s ease-in-out;\n-moz-transition: all .3s ease-in-out;\n-ms-transition: all .3s ease-in-out;\n-o-transition: all .3s ease-in-out;\ntransition: all .3s ease-in-out;\n",
                  "urlTargetBlank":1,
                  "fontFamily":"Jost",
                  "borderWidth":1,
                  "mode":"content",
                  "contentAnimationType":"animating",
                  "display":"inline-block",
                  "marginRight":10,
                  "lineHeight":20,
                  "hover":{
                     "backgroundColor":"rgba(255,255,255,0)",
                     "borderColor":"#ffffff",
                     "textColor":"#ffffff"
                  },
                  "color":"#fff3d7",
                  "mobile":{
                     "marginRight":"0px",
                     "mode":"content",
                     "position":{
                        "offsetX":0,
                        "x":"center",
                        "y":"center",
                        "offsetY":0
                     },
                     "display":"block",
                     "marginBottom":"20"
                  },
                  "letterSpacing":1.5,
                  "tablet":{
                     "lineHeight":"22",
                     "fontSize":"16"
                  }
               },
               {
                  "type":"button",
                  "content":"Or View Features",
                  "fontSize":16,
                  "fontWeight":400,
                  "textColor":"#f0b363",
                  "backgroundColor":"rgba(255,255,255,0)",
                  "borderRadius":45,
                  "position":{
                     "x":"center",
                     "y":"center",
                     "offsetX":0,
                     "offsetY":0
                  },
                  "startAnimation":{
                     "animation":"fadeInUp",
                     "speed":1500,
                     "delay":1800
                  },
                  "endAnimation":{
                     "animation":"fadeOut",
                     "speed":500,
                     "delay":0
                  },
                  "paddingTop":20,
                  "paddingLeft":36,
                  "paddingRight":36,
                  "paddingBottom":20,
                  "borderColor":"#f0b363",
                  "borderStyle":"solid",
                  "url":"https://transitionslider.com/",
                  "textAlign":"center",
                  "customCSS":"\n-webkit-transition: all .3s ease-in-out;\n-moz-transition: all .3s ease-in-out;\n-ms-transition: all .3s ease-in-out;\n-o-transition: all .3s ease-in-out;\ntransition: all .3s ease-in-out;",
                  "urlTargetBlank":1,
                  "fontFamily":"Jost",
                  "borderWidth":1,
                  "mode":"content",
                  "contentAnimationType":"animating",
                  "display":"inline-block",
                  "lineHeight":20,
                  "hover":{
                     "textColor":"#ffffff",
                     "backgroundColor":"#f0b363",
                     "borderColor":"rgba(0,0,0,0)"
                  },
                  "color":"#f0b363",
                  "letterSpacing":0.7,
                  "marginLeft":20,
                  "mobile":{
                     "marginLeft":"0px",
                     "mode":"content",
                     "position":{
                        "offsetX":0,
                        "x":"center",
                        "y":"center",
                        "offsetY":0
                     },
                     "display":"block"
                  },
                  "tablet":{
                     "lineHeight":"22",
                     "fontSize":"17"
                  }
               }
            ],
            "transitionEffect":"crossfade",
            "transitionDuration":1500,
            "layerWidthMobile":900,
            "layerHeightMobile":325,
            "layerWidth":1920,
            "layerHeight":1080,
            "urlTarget":"_self",
            "direction":"left"
         },
         {
            "src":"https://transitionslider.com/themeSliders/innovativeMultipurpose/mobile.jpg",
            "thumbSrc":"https://transitionslider.com/themeSliders/innovativeMultipurpose/thumbnails/slide3-thumb.jpg",
            "elements":[
               {
                  "type":"text",
                  "content":"100% BEAUTIFULLY RESPONSIVE",
                  "fontSize":56,
                  "fontFamily":"Jost",
                  "fontWeight":200,
                  "textColor":"#ae4122",
                  "borderRadius":0,
                  "position":{
                     "x":"center",
                     "y":"bottom",
                     "offsetX":0,
                     "offsetY":0
                  },
                  "startAnimation":{
                     "animation":"fadeInUp",
                     "speed":1000,
                     "delay":1200
                  },
                  "endAnimation":{
                     "animation":"fadeOut",
                     "speed":1000
                  },
                  "textAlign":"center",
                  "backgroundColor":"rgba(255,255,255,0)",
                  "lineHeight":68,
                  "customCSS":0,
                  "mode":"content",
                  "contentAnimationType":"animating",
                  "display":"block",
                  "color":"#ae4122",
                  "mobile":{
                     "fontSize":50,
                     "lineHeight":55,
                     "fontWeight":200,
                     "width":390,
                     "minWidth":390,
                     "maxWidth":390,
                     "paddingTop":0,
                     "paddingRight":0,
                     "paddingBottom":0,
                     "paddingLeft":0
                  },
                  "width":700,
                  "minWidth":700,
                  "maxWidth":700,
                  "letterSpacing":3.6,
                  "marginBottom":30,
                  "tablet":{
                     "fontSize":"60",
                     "width":"600",
                     "minWidth":"600",
                     "maxWidth":"600"
                  }
               },
               {
                  "type":"button",
                  "content":"PURCHASE NOW",
                  "fontSize":15,
                  "fontWeight":400,
                  "textColor":"#fff3d7",
                  "backgroundColor":"#ae4122",
                  "borderRadius":45,
                  "position":{
                     "x":"center",
                     "y":"bottom",
                     "offsetX":0,
                     "offsetY":0
                  },
                  "startAnimation":{
                     "animation":"fadeInUp",
                     "speed":1500,
                     "delay":1800
                  },
                  "endAnimation":{
                     "animation":"fadeOut",
                     "speed":500,
                     "delay":0
                  },
                  "paddingTop":20,
                  "paddingLeft":36,
                  "paddingRight":36,
                  "paddingBottom":20,
                  "borderColor":"#ae4122",
                  "borderStyle":"solid",
                  "url":"https://transitionslider.com/",
                  "textAlign":"center",
                  "customCSS":"\n-webkit-transition: all .3s ease-in-out;\n-moz-transition: all .3s ease-in-out;\n-ms-transition: all .3s ease-in-out;\n-o-transition: all .3s ease-in-out;\ntransition: all .3s ease-in-out;\n",
                  "urlTargetBlank":1,
                  "fontFamily":"Jost",
                  "borderWidth":1,
                  "mode":"content",
                  "contentAnimationType":"animating",
                  "marginRight":10,
                  "display":"inline-block",
                  "lineHeight":20,
                  "hover":{
                     "backgroundColor":"rgba(255,255,255,0)",
                     "textColor":"#ffffff",
                     "borderColor":"#ffffff"
                  },
                  "color":"#fff3d7",
                  "mobile":{
                     "marginRight":"0px",
                     "marginBottom":20,
                     "display":"block"
                  },
                  "letterSpacing":1.5,
                  "marginBottom":60,
                  "tablet":{
                     "fontSize":"16",
                     "lineHeight":"22"
                  }
               },
               {
                  "type":"button",
                  "content":"Or View Features",
                  "fontSize":16,
                  "fontWeight":400,
                  "textColor":"#8a847d",
                  "backgroundColor":"rgba(255,255,255,0)",
                  "borderRadius":45,
                  "position":{
                     "x":"center",
                     "y":"bottom",
                     "offsetX":0,
                     "offsetY":0
                  },
                  "startAnimation":{
                     "animation":"fadeInUp",
                     "speed":1500,
                     "delay":1800
                  },
                  "endAnimation":{
                     "animation":"fadeOut",
                     "speed":500,
                     "delay":0
                  },
                  "paddingTop":20,
                  "paddingLeft":36,
                  "paddingRight":36,
                  "paddingBottom":20,
                  "borderColor":"#8a847d",
                  "borderStyle":"solid",
                  "url":"https://transitionslider.com/",
                  "textAlign":"center",
                  "customCSS":"\n-webkit-transition: all .3s ease-in-out;\n-moz-transition: all .3s ease-in-out;\n-ms-transition: all .3s ease-in-out;\n-o-transition: all .3s ease-in-out;\ntransition: all .3s ease-in-out;",
                  "urlTargetBlank":1,
                  "fontFamily":"Jost",
                  "borderWidth":1,
                  "mode":"content",
                  "contentAnimationType":"animating",
                  "display":"inline-block",
                  "lineHeight":20,
                  "hover":{
                     "textColor":"#ffffff",
                     "backgroundColor":"#f0b363",
                     "borderColor":"rgba(0,0,0,0)"
                  },
                  "color":"#8a847d",
                  "letterSpacing":0.7,
                  "marginLeft":20,
                  "marginBottom":60,
                  "mobile":{
                     "marginLeft":"0px",
                     "display":"block"
                  },
                  "tablet":{
                     "lineHeight":"22",
                     "fontSize":"17"
                  }
               }
            ],
            "transitionEffect":"warp",
            "transitionDuration":700,
            "layerWidthMobile":900,
            "layerHeightMobile":325,
            "layerWidth":1920,
            "layerHeight":1080,
            "urlTarget":"_self",
            "direction":"left"
         }
      ],
      "initialSlide":0,
      "hashNavigation":{
         "enable":false
      },
      "width":1000,
      "height":550,
      "fullscreen":0,
      "ratio":2,
      "ratioTablet":1.8,
      "ratioMobile":0.7,
      "buttons":{
         "pauseVisible":0,
         "muteVisible":0,
         "startVideoMuted":true
      },
      "shadow":"off",
      "loading":{
         "backgroundColor":"#f2f2f2",
         "textColor":"#ff503f",
         "fadeEffect":true,
         "color":"#ff503f",
         "style":"style4"
      },
      "autoplay":{
         "enable":false,
         "delay":3000,
         "disableOnInteraction":true,
         "reverseDirection":false
      },
      "responsive":1,
      "navigation":{
         "style":"effect1",
         "enable":1
      },
      "pagination":{
         "enable":true,
         "style":"effect6",
         "clickable":true,
         "dynamicBullets":false,
         "type":"bullets",
         "normal":{
            "backgroundColor":"rgba(0,0,0,0.5)",
            "border":"none",
            "width":"20px",
            "height":"6px",
            "opacity":1,
            "borderRadius":"5px",
            "boxShadow":"none"
         },
         "active":{
            "backgroundColor":"#ff503f",
            "border":"none",
            "width":"20px",
            "height":"6px",
            "opacity":1,
            "borderRadius":"5px",
            "boxShadow":"none"
         },
         "hover":{
            "backgroundColor":"#ff503f",
            "border":"none",
            "width":"20px",
            "height":"6px",
            "opacity":1,
            "borderRadius":"5px",
            "boxShadow":"none"
         },
         "backgroundColor":"rgba(0,0,0,0.5)",
         "borderRadius":"50%",
         "boxShadow":"none",
         "opacity":1,
         "width":"11px",
         "height":"11px",
         "border":"none",
         "backgroundColorActive":"#ff503f",
         "borderRadiusActive":"50%",
         "boxShadowActive":"none",
         "opacityActive":1,
         "widthActive":"11px",
         "heightActive":"11px",
         "borderActive":"none",
         "backgroundColorHover":"#ff503f",
         "borderRadiusHover":"50%",
         "boxShadowHover":"none",
         "opacityHover":1,
         "widthHover":"11px",
         "heightHover":"11px",
         "borderHover":"none"
      },
      "stopOnLastSlide":0,
      "tabletSize":1024,
      "mobileSize":768,
      "parallax":1,
      "grabCursor":true,
      "layerWidth":"80%",
      "layerWidthMin":"500px",
      "layerWidthMax":"80%",
      "layerHeight":"100%",
      "layerHeightMin":"800px",
      "layerWidthMobile":"80%",
      "layerWidthMinMobile":"440px",
      "layerWidthMaxMobile":"80%",
      "layerHeightMobile":"100%",
      "layerHeightMinMobile":"740px",
      "keyboard":{
         "enable":true
      },
      "wheelNavigation":{
         "enable":false,
         "stopOnLast":false
      },
      "lightbox":{
         "backgroundColor":"rgba(0, 0, 0, 0.95)",
         "closeColor":"#ffffff"
      },
      "layerWidthTablet":"80%",
      "layerWidthMinTablet":"750px",
      "layerHeightTablet":"100%",
      "layerHeightMinTablet":"750px"
}